[
  { "sid": "20225425", "cid": "IT4991", "term": "20241", "score": 9.5 },
  { "sid": "20225425", "cid": "IT3120", "term": "20241", "score": 8 },
  { "sid": "20225425", "cid": "IT4060", "term": "20241", "score": 8 },
  { "sid": "20225425", "cid": "IT4015", "term": "20241", "score": 9.5 },
  { "sid": "20225425", "cid": "IT3180", "term": "20241", "score": 6.5 },
  { "sid": "20225425", "cid": "IT3931", "term": "20241", "score": 10 },
  { "sid": "20225425", "cid": "IT3070", "term": "20241", "score": 8.5 },
  { "sid": "20225425", "cid": "IT4611", "term": "20241", "score": 9 },
  { "sid": "20225425", "cid": "IT3170", "term": "20241", "score": 4.5 },
  { "sid": "20225425", "cid": "IT3080", "term": "20242", "score": 9.5 },
  { "sid": "20225425", "cid": "IT3090", "term": "20242", "score": 7.5 },
  { "sid": "20225425", "cid": "IT3150", "term": "20242", "score": 9.5 },
  { "sid": "20225425", "cid": "IT4593", "term": "20242", "score": 9 },
  { "sid": "20225425", "cid": "IT4172", "term": "20242", "score": 9 },
  { "sid": "20225425", "cid": "SSH1131", "term": "20242", "score": 7.5 },
  { "sid": "20221111", "cid": "IT4060", "term": "20242", "score": 6 },
  { "sid": "20223333", "cid": "IT3070", "term": "20242", "score": 7 }
]
